{"recall": {"predicate": [1.0, 1.0, 1.0, 1.0, 1.0], "class": [1.0, 1.0, 0.0, 1.0, 0.0], "schema": [1.0, 1.0, 1.0, 1.0, 1.0]}, "precision": {"predicate": [0.053191489, 1.0, 1.0, 0.0020920502092050207, 1.0], "class": [1.0, 1.0, 0, 0.0020920502092050207, 0], "schema": [0.06188118811881188, 0.9900990099009901, 0.9459459459459459, 0.0136986301369863, 0.9459459459459459]}}