{"ours": {"xbee": 6732.2534663633287, "foxg20": 6529.3781958123936, "total": 14072.661642751269, "galaxy_tab": 79229.798298598791, "server": 49144.006707002351}, "nb": {"xbee": 77033.066310285096, "foxg20": 27873.031615182506, "total": 83634.52761156598, "galaxy_tab": 268082.53493786044, "server": 12990.0}}