{"rest": {"requests": [[2.7717349529266357, 2.7899489402770996, 2.6873559951782227, 2.697208881378174, 2.646681070327759, 2.7006261348724365, 2.719672918319702, 2.65338397026062, 2.7063560485839844, 2.7271671295166016, 2.6707029342651367, 2.7058939933776855, 2.69313907623291, 2.7159011363983154, 2.688728094100952, 2.7038180828094482, 2.6732330322265625, 2.7147409915924072, 2.709414005279541, 2.6629269123077393], [35.752243995666504, 35.46788001060486, 35.66540193557739, 35.22990298271179, 35.48259902000427, 35.929068088531494, 36.10735106468201, 34.816730976104736, 37.062257051467896, 35.47135901451111, 35.078444957733154, 34.83169198036194, 35.32295107841492, 36.207611083984375, 36.35652995109558, 36.75155711174011, 36.930274963378906, 35.6993510723114, 35.657604932785034, 34.96546697616577], [80.30673384666443, 81.72470903396606, 80.91882395744324, 81.85302114486694, 78.20389103889465, 82.96858406066895, 83.93043684959412, 81.68733596801758, 79.12688398361206, 79.0698709487915, 80.6830050945282, 81.9926118850708, 81.3625898361206, 83.04496598243713, 84.11891293525696, 80.68630599975586, 84.70387482643127, 84.8391661643982, 81.20188999176025, 81.66370391845703], [143.57817101478577, 138.45319294929504, 139.82310795783997, 141.37904405593872, 134.44658017158508, 144.21498608589172, 143.8272669315338, 146.20154809951782, 139.90272998809814, 146.35903000831604, 143.001314163208, 142.9088819026947, 151.1694939136505, 138.99191403388977, 141.75034499168396, 141.0133399963379, 144.0761661529541, 145.743999004364, 155.80696201324463, 149.69788002967834], [221.5309431552887, 210.33617186546326, 219.67642307281494, 211.56665992736816, 219.67750597000122, 216.03595089912415, 218.80758905410767, 212.352530002594, 211.69630408287048, 211.7335228919983, 202.018550157547, 206.44718313217163, 206.16095995903015, 220.23246908187866, 218.06243705749512, 207.8478240966797, 204.4772129058838, 204.19710493087769, 204.86849880218506, 204.40415287017822], [313.0478060245514, 293.19159483909607, 295.1755440235138, 301.5729248523712, 314.0056240558624, 296.9652669429779, 292.88288378715515, 299.2220950126648, 313.0176041126251, 295.96671986579895, 316.35115003585815, 302.77642011642456, 304.0380799770355, 303.55671095848083, 300.3153247833252, 302.72918605804443, 294.29636096954346, 301.00548911094666, 305.8358929157257, 286.61088705062866]], "num_nodes": [1, 200, 400, 600, 800, 1000]}, "space": {"requests": [[1.2873988151550293, 1.7754478454589844, 1.2608299255371094, 1.2448439598083496, 1.2651400566101074, 1.252608060836792, 1.2545289993286133, 1.248486042022705, 1.2613067626953125, 1.2707290649414062, 1.250424861907959, 1.260970115661621, 1.280182123184204, 1.2415759563446045, 1.544421911239624, 1.27000093460083, 1.2538120746612549, 1.2525880336761475, 1.2718329429626465, 1.2687280178070068], [6.748080015182495, 6.750364780426025, 7.110948085784912, 6.730567932128906, 6.729204893112183, 6.813014030456543, 6.774296045303345, 6.676283121109009, 6.672802925109863, 6.700433015823364, 6.711776971817017, 7.2204389572143555, 6.806382894515991, 6.752707004547119, 6.7595860958099365, 7.159602165222168, 6.749045133590698, 6.734550952911377, 6.7697319984436035, 6.735921859741211], [12.16993498802185, 12.146953105926514, 12.175930976867676, 12.286096096038818, 12.792281866073608, 12.15348196029663, 12.860090017318726, 12.379603862762451, 12.324280023574829, 12.193912982940674, 12.149451971054077, 12.074797868728638, 12.184499979019165, 12.565837860107422, 12.13182806968689, 12.751589059829712, 12.27839708328247, 12.740360021591187, 12.278656005859375, 12.226390838623047], [17.72203302383423, 18.257034063339233, 17.898847103118896, 17.60600185394287, 18.17930507659912, 17.5819730758667, 17.510316848754883, 18.124292850494385, 17.55360984802246, 17.62434697151184, 18.2222580909729, 17.620644092559814, 17.503655910491943, 18.214734077453613, 17.66044807434082, 17.537128925323486, 18.190202951431274, 17.813947200775146, 17.631027936935425, 18.180670022964478], [23.775795936584473, 23.097109079360962, 23.129000902175903, 23.211419105529785, 23.829493045806885, 23.84101414680481, 23.968235969543457, 23.713061094284058, 23.8976309299469, 23.132293939590454, 23.072858095169067, 22.914395093917847, 23.708595991134644, 23.65345811843872, 23.747384071350098, 23.72370195388794, 23.71940302848816, 23.221004962921143, 23.044795989990234, 22.988125801086426], [28.60447907447815, 28.47813892364502, 29.309571981430054, 29.303230047225952, 29.166589975357056, 29.384524822235107, 29.394306182861328, 29.47207808494568, 29.350524187088013, 29.27211308479309, 29.15712308883667, 28.965118885040283, 28.445021867752075, 28.550688982009888, 28.953416109085083, 29.181039094924927, 29.101585865020752, 29.12385582923889, 29.241415977478027, 29.240856885910034]], "num_nodes": [1, 200, 400, 600, 800, 1000]}}