{"rest": {"requests": [[2.8280160427093506, 2.8548848628997803, 2.6465351581573486, 2.705913782119751, 2.7040750980377197], [37.02754497528076, 36.45423412322998, 35.213412046432495, 35.24434685707092, 35.397701025009155], [84.05323195457458, 82.03966498374939, 83.91563105583191, 80.98653388023376, 85.01097106933594], [144.8464379310608, 138.80062890052795, 145.69843888282776, 146.6108751296997, 144.2918200492859], [216.55348706245422, 220.77093696594238, 215.41632509231567, 213.98836088180542, 210.72706484794617], [295.2433850765228, 314.7056369781494, 295.5464999675751, 285.21223306655884, 302.4851920604706]], "num_nodes": [1, 200, 400, 600, 800, 1000]},
"space": {"requests": [[1.2843952178955078, 1.5455410480499268], [6.8813159465789795, 6.651782035827637], [12.442579984664917, 12.007734060287476], [17.9118869304657, 17.476197957992554], [22.755160093307495, 22.917243003845215], [28.103081941604614, 28.22737693786621]], "num_nodes": [1, 200, 400, 600, 800, 1000]}
}